[  
   {  
      "id":"1",
      "name":"Bac+2",
      "parent_id":"0"
   },
   {  
      "id":"2",
      "name":"Bac+3,bachelor",
      "parent_id":"0"
   },

   {  
      "id":"3",
      "name":"Bac+4",
      "parent_id":"0"
   },
   {  
      "id":"4",
      "name":"Bac+5,master privé,MBA",
      "parent_id":"0"
   },
    {  
      "id":"5",
      "name":"Baccalauréat",
      "parent_id":"0"
   },
    {  
      "id":"6",
      "name":"Brevet de technicien supérieur(B.T.S)",
      "parent_id":"0"
   },
    {  
      "id":"7",
      "name":"Diplôme universitaire de technologie(D.U.T)",
      "parent_id":"0"
   },
   {  
      "id":"8",
      "name":"Diplôme du 1er cycle universitaire",
      "parent_id":"0"
   },
   {  
      "id":"9",
      "name":"Diplôme du 2éme cycle universitaire",
      "parent_id":"0"
   },
   {  
      "id":"10",
      "name":"Diplôme du 3éme cycle universitaire",
      "parent_id":"0"
   },

   {  
      "id":"11",
      "name":"Développemnet et intégration informatique",
      "parent_id":"1"
   },
   {  
      "id":"12",
      "name":"Encadrement de la pêche et de la marine marchande",
      "parent_id":"1"
   },
   {  
      "id":"13",
      "name":"Paramilitaire",
      "parent_id":"1"
   },
   {  
      "id":"14",
      "name":"Soins médicaux",
      "parent_id":"1"
   },
   {  
      "id":"15",
      "name":"Transversale",
      "parent_id":"1"
   },
  {  
      "id":"16",
      "name":"Gestion des ressource financieres",
      "parent_id":"1"
   },
  {  
      "id":"17",
      "name":"Gestion des transport",
      "parent_id":"1"
   },



   {  
      "id":"18",
      "name":"Banque",
      "parent_id":"2"
   },
   {  
      "id":"19",
      "name":"Action Sociale",
      "parent_id":"2"
   },
   {  
      "id":"20",
      "name":"Distribution",
      "parent_id":"2"
   },
   {  
      "id":"21",
      "name":"Hôtellerie",
      "parent_id":"2"
   },
   {  
      "id":"22",
      "name":"Comptabilité",
      "parent_id":"2"
   },
   {  
      "id":"23",
      "name":"Fabrication électrique",
      "parent_id":"2"
   },
   {  
      "id":"24",
      "name":"Gestion juridique",
      "parent_id":"2"
   },
   {  
      "id":"25",
      "name":"Instalation d'equipement",
      "parent_id":"2"
   },
   {  
      "id":"26",
      "name":"Formatio initiale",
      "parent_id":"3"
   },
   {  
      "id":"27",
      "name":"Navigation maritime",
      "parent_id":"3"
   },

   {  
      "id":"28",
      "name":"Direction d'entreprise",
      "parent_id":"3"
   },
   {  
      "id":"29",
      "name":"Direction de la gestion commerciale",
      "parent_id":"3"
   },

   {  
      "id":"30",
      "name":"Pêche et aquacuture",
      "parent_id":"3"
   },
   {  
      "id":"31",
      "name":"Hôtellerie",
      "parent_id":"4"
   },

   {  
      "id":"32",
      "name":"Comptabilité",
      "parent_id":"4"
   },
   {  
      "id":"33",
      "name":"Direction d'entreprise",
      "parent_id":"4"
   },

   {  
      "id":"34",
      "name":"Direction de la gestion commerciale",
      "parent_id":"4"
   },
   {  
      "id":"35",
      "name":"Action Sociale",
      "parent_id":"4"
   },

   {  
      "id":"36",
      "name":"Banque",
      "parent_id":"4"
   },

   {  
      "id":"37",
      "name":"S.MATH",
      "parent_id":"5"
   },

   {  
      "id":"38",
      "name":"S.PHYSIQUE",
      "parent_id":"5"
   },

   {  
      "id":"39",
      "name":"S.SVT",
      "parent_id":"5"
   },

   {  
      "id":"40",
      "name":"S.TECH",
      "parent_id":"5"
   },

   {  
      "id":"41",
      "name":"Gestion Administrative",
      "parent_id":"6"
   },

   {  
      "id":"42",
      "name":"Comptabilité et Gestion",
      "parent_id":"6"
   },

   {  
      "id":"43",
      "name":"Gestion des PME/PMI",
      "parent_id":"6"
   },

   {  
      "id":"44",
      "name":"Management Commercial",
      "parent_id":"6"
   },

   {  
      "id":"45",
      "name":"Multimédias et Conception WEB",
      "parent_id":"6"
   },

   {  
      "id":"46",
      "name":"Systèmes et Réseaux Informatiques",
      "parent_id":"6"
   },

   {  
      "id":"47",
      "name":"Développement des Systèmes d’Information",
      "parent_id":"6"
   },

   {  
      "id":"48",
      "name":"Electrotechnique",
      "parent_id":"6"
   },
   {  
      "id":"49",
      "name":"Other",
      "parent_id":"0"
   },
   {  
      "id":"50",
      "name":"Front-End Designer",
      "parent_id":"49"
   },
   {  
      "id":"51",
      "name":"UI Designer",
      "parent_id":"49"
   },
   {  
      "id":"52",
      "name":"Content Manager",
      "parent_id":"49"
   },
   {  
      "id":"53",
      "name":"Social Media Manager",
      "parent_id":"49"
   },
   {  
      "id":"54",
      "name":"Web Analytics Developer",
      "parent_id":"49"
   },
   {  
      "id":"55",
      "name":"SEO Consultant",
      "parent_id":"49"
   }
   
  
]